feature,importance
nn50,0.2162788166135387
prop_long,0.138365811535652
pnn50,0.13334569052823192
cv,0.10378520780617194
sample_ent,0.07976124481336852
prop_short,0.06353518546879049
hist_ent,0.060670782451649474
sdnn,0.04525593191801718
sd2,0.04158925627574538
sd1,0.03267408174053152
rmssd,0.027776048903363763
sd_ratio,0.02335289078470439
mean_rr,0.012681271257564788
mean_hr,0.011226035559327751
n_beats,0.009701744343342259
