{
  "model": "Random Forest",
  "auc": 0.9800177532303938,
  "f1": 0.9013638577691183,
  "sensitivity": 0.887104506232023,
  "specificity": 0.9581119485975534,
  "precision": 0.9160891089108911,
  "tp": 3701,
  "fp": 339,
  "fn": 471,
  "tn": 7754,
  "trained_at": "2026-03-02T16:03:03.049270"
}