{
  "model": "Random Forest",
  "roc_auc": 0.9782550471810267,
  "avg_precision": 0.9505036487931366,
  "sensitivity": 0.8794343240651965,
  "specificity": 0.9583590757444705,
  "precision_ppv": 0.9158761857214178,
  "f1": 0.8972853998532648,
  "best_f1_threshold": 0.3329113924050633,
  "tp": 3669,
  "fp": 337,
  "fn": 503,
  "tn": 7756,
  "test_size": 12265
}