{
  "model": "CNN+BiLSTM",
  "roc_auc": 0.8368113922297586,
  "avg_precision": 0.6267033115949611,
  "sensitivity": 0.9530201342281879,
  "specificity": 0.7332262449030026,
  "precision_ppv": 0.6480847595762022,
  "f1": 0.77151450470554,
  "best_f1_threshold": 0.4037974683544304,
  "tp": 3976,
  "fp": 2159,
  "fn": 196,
  "tn": 5934,
  "test_size": 12265
}