{
  "model": "Random Forest (Explainable)",
  "n_features": 20,
  "feature_names": [
    "mean_rr",
    "sdnn",
    "rmssd",
    "pnn50",
    "cv",
    "mean_hr",
    "sd1",
    "sd2",
    "sd1_sd2_ratio",
    "sample_entropy",
    "approx_entropy",
    "turning_point_ratio",
    "dominant_freq",
    "spectral_entropy",
    "p_wave_absence",
    "qrs_width",
    "t_wave_ratio",
    "rr_skewness",
    "rr_kurtosis",
    "rr_range"
  ],
  "threshold": 0.26000000000000006,
  "n_test": 7045,
  "afib_prev": 12.107877927608232,
  "roc_auc": 0.9971307946418024,
  "avg_precision": 0.9810523702924807,
  "sensitivity": 0.9917936693904831,
  "specificity": 0.9586563307478058,
  "precision": 0.7676950998115455,
  "f1": 0.8654731457800512,
  "tp": 846,
  "fp": 256,
  "fn": 7,
  "tn": 5936
}